{
  "FL (n)": {
    "uncalibrated": {
      "ece": 0.2931382656097412,
      "brier": 0.15917210280895233,
      "accuracy": 0.9204269771955361,
      "f1": 0.9585649317837291,
      "precision": 0.9204269771955361,
      "recall": 1.0
    },
    "platt": {
      "ece": 0.007147652319890008,
      "brier": 0.07329224296688214,
      "accuracy": 0.9204269771955361,
      "f1": 0.9585649317837291,
      "precision": 0.9204269771955361,
      "recall": 1.0
    },
    "isotonic": {
      "ece": 0.007432193793121441,
      "brier": 0.07328367233276367,
      "accuracy": 0.9204269771955361,
      "f1": 0.9585649317837291,
      "precision": 0.9204269771955361,
      "recall": 1.0
    },
    "temperature": {
      "ece": 0.007111966609954834,
      "brier": 0.0732930526137352,
      "accuracy": 0.9204269771955361,
      "f1": 0.9585649317837291,
      "precision": 0.9204269771955361,
      "recall": 1.0
    },
    "beta": {
      "ece": 0.007161617279052734,
      "brier": 0.07329288870096207,
      "accuracy": 0.9204269771955361,
      "f1": 0.9585649317837291,
      "precision": 0.9204269771955361,
      "recall": 1.0
    }
  }
}