{
  "Local": {
    "uncalibrated": {
      "ece": 0.3248907446861267,
      "brier": 0.1564922332763672,
      "accuracy": 0.9463238370254132,
      "f1": 0.9722769367160412,
      "precision": 0.9463238370254132,
      "recall": 1.0
    },
    "platt": {
      "ece": 0.010199783293591147,
      "brier": 0.05040456666678188,
      "accuracy": 0.9463238370254132,
      "f1": 0.9722769367160412,
      "precision": 0.9463238370254132,
      "recall": 1.0
    },
    "isotonic": {
      "ece": 0.015989483753748226,
      "brier": 0.05056563764810562,
      "accuracy": 0.9463238370254132,
      "f1": 0.9722769367160412,
      "precision": 0.9463238370254132,
      "recall": 1.0
    },
    "temperature": {
      "ece": 0.010214757919311524,
      "brier": 0.0504019558429718,
      "accuracy": 0.9463238370254132,
      "f1": 0.9722769367160412,
      "precision": 0.9463238370254132,
      "recall": 1.0
    },
    "beta": {
      "ece": 0.010205497459798174,
      "brier": 0.050403755605259136,
      "accuracy": 0.9463238370254132,
      "f1": 0.9722769367160412,
      "precision": 0.9463238370254132,
      "recall": 1.0
    }
  },
  "Central": {
    "uncalibrated": {
      "ece": 0.29212629795074463,
      "brier": 0.15857885777950287,
      "accuracy": 0.9204269771955361,
      "f1": 0.9585649317837291,
      "precision": 0.9204269771955361,
      "recall": 1.0
    },
    "platt": {
      "ece": 0.007148748409600558,
      "brier": 0.07329226146271815,
      "accuracy": 0.9204269771955361,
      "f1": 0.9585649317837291,
      "precision": 0.9204269771955361,
      "recall": 1.0
    },
    "isotonic": {
      "ece": 0.00654834508895874,
      "brier": 0.07332028448581696,
      "accuracy": 0.9204269771955361,
      "f1": 0.9585649317837291,
      "precision": 0.9204269771955361,
      "recall": 1.0
    },
    "temperature": {
      "ece": 0.007144033908843994,
      "brier": 0.07329209893941879,
      "accuracy": 0.9204269771955361,
      "f1": 0.9585649317837291,
      "precision": 0.9204269771955361,
      "recall": 1.0
    },
    "beta": {
      "ece": 0.007130339018094789,
      "brier": 0.07329196727518553,
      "accuracy": 0.9204269771955361,
      "f1": 0.9585649317837291,
      "precision": 0.9204269771955361,
      "recall": 1.0
    }
  },
  "FL (n)": {
    "uncalibrated": {
      "ece": 0.29171937704086304,
      "brier": 0.15783491730690002,
      "accuracy": 0.921025641025641,
      "f1": 0.9588894821142552,
      "precision": 0.921025641025641,
      "recall": 1.0
    },
    "platt": {
      "ece": 0.006127974210377252,
      "brier": 0.0727749671152261,
      "accuracy": 0.921025641025641,
      "f1": 0.9588894821142552,
      "precision": 0.921025641025641,
      "recall": 1.0
    },
    "isotonic": {
      "ece": 0.008121119737625122,
      "brier": 0.07238966226577759,
      "accuracy": 0.921025641025641,
      "f1": 0.9588894821142552,
      "precision": 0.921025641025641,
      "recall": 1.0
    },
    "temperature": {
      "ece": 0.006166398525238037,
      "brier": 0.07277162373065948,
      "accuracy": 0.921025641025641,
      "f1": 0.9588894821142552,
      "precision": 0.921025641025641,
      "recall": 1.0
    },
    "beta": {
      "ece": 0.006134731153227269,
      "brier": 0.07277372981389006,
      "accuracy": 0.921025641025641,
      "f1": 0.9588894821142552,
      "precision": 0.921025641025641,
      "recall": 1.0
    }
  },
  "FL (n-1)": {
    "uncalibrated": {
      "ece": 0.2926744222640991,
      "brier": 0.1579757034778595,
      "accuracy": 0.9215229215229215,
      "f1": 0.9591589162959968,
      "precision": 0.9215229215229215,
      "recall": 1.0
    },
    "platt": {
      "ece": 0.006443154912300075,
      "brier": 0.07235994223514497,
      "accuracy": 0.9215229215229215,
      "f1": 0.9591589162959968,
      "precision": 0.9215229215229215,
      "recall": 1.0
    },
    "isotonic": {
      "ece": 0.0019173026084899902,
      "brier": 0.07212943583726883,
      "accuracy": 0.9215229215229215,
      "f1": 0.9591589162959968,
      "precision": 0.9215229215229215,
      "recall": 1.0
    },
    "temperature": {
      "ece": 0.0064057111740112305,
      "brier": 0.07235798984766006,
      "accuracy": 0.9215229215229215,
      "f1": 0.9591589162959968,
      "precision": 0.9215229215229215,
      "recall": 1.0
    },
    "beta": {
      "ece": 0.006427178431442693,
      "brier": 0.07235922888665298,
      "accuracy": 0.9215229215229215,
      "f1": 0.9591589162959968,
      "precision": 0.9215229215229215,
      "recall": 1.0
    }
  },
  "FL (n-2)": {
    "uncalibrated": {
      "ece": 0.3053785562515259,
      "brier": 0.1630752831697464,
      "accuracy": 0.9244741873804971,
      "f1": 0.9607550919026329,
      "precision": 0.9244741873804971,
      "recall": 1.0
    },
    "platt": {
      "ece": 0.00605226744485865,
      "brier": 0.06985830473611575,
      "accuracy": 0.9244741873804971,
      "f1": 0.9607550919026329,
      "precision": 0.9244741873804971,
      "recall": 1.0
    },
    "isotonic": {
      "ece": 0.005140900611877441,
      "brier": 0.06975171715021133,
      "accuracy": 0.9244741873804971,
      "f1": 0.9607550919026329,
      "precision": 0.9244741873804971,
      "recall": 1.0
    },
    "temperature": {
      "ece": 0.006033480167388916,
      "brier": 0.0698544904589653,
      "accuracy": 0.9244741873804971,
      "f1": 0.9607550919026329,
      "precision": 0.9244741873804971,
      "recall": 1.0
    },
    "beta": {
      "ece": 0.0060098384826297035,
      "brier": 0.06985664280554614,
      "accuracy": 0.9244741873804971,
      "f1": 0.9607550919026329,
      "precision": 0.9244741873804971,
      "recall": 1.0
    }
  }
}