{
  "Local": {
    "uncalibrated": {
      "ece": 0.27856714096750534,
      "brier": 0.1282433122396469,
      "accuracy": 0.9477312007185625,
      "f1": 0.9730974512835606,
      "precision": 0.9477312007185625,
      "recall": 1.0
    },
    "platt": {
      "ece": 0.0032219056762849306,
      "brier": 0.0493015806156584,
      "accuracy": 0.9477312007185625,
      "f1": 0.9730974512835606,
      "precision": 0.9477312007185625,
      "recall": 1.0
    },
    "isotonic": {
      "ece": 0.0063091377451150775,
      "brier": 0.04939133673906326,
      "accuracy": 0.9477312007185625,
      "f1": 0.9730974512835606,
      "precision": 0.9477312007185625,
      "recall": 1.0
    },
    "temperature": {
      "ece": 0.003205573558807373,
      "brier": 0.04930109530687332,
      "accuracy": 0.9477312007185625,
      "f1": 0.9730974512835606,
      "precision": 0.9477312007185625,
      "recall": 1.0
    },
    "beta": {
      "ece": 0.0031993985176086426,
      "brier": 0.04930106922984123,
      "accuracy": 0.9477312007185625,
      "f1": 0.9730974512835606,
      "precision": 0.9477312007185625,
      "recall": 1.0
    }
  },
  "Central": {
    "uncalibrated": {
      "ece": 0.20205938816070557,
      "brier": 0.10505909472703934,
      "accuracy": 0.9310085153217865,
      "f1": 0.9642717864106795,
      "precision": 0.9310085153217865,
      "recall": 1.0
    },
    "platt": {
      "ece": 0.00422147679592122,
      "brier": 0.06424925153300487,
      "accuracy": 0.9310085153217865,
      "f1": 0.9642717864106795,
      "precision": 0.9310085153217865,
      "recall": 1.0
    },
    "isotonic": {
      "ece": 0.004057765007019043,
      "brier": 0.06423647701740265,
      "accuracy": 0.9310085153217865,
      "f1": 0.9642717864106795,
      "precision": 0.9310085153217865,
      "recall": 1.0
    },
    "temperature": {
      "ece": 0.004273951053619385,
      "brier": 0.06424946337938309,
      "accuracy": 0.9310085153217865,
      "f1": 0.9642717864106795,
      "precision": 0.9310085153217865,
      "recall": 1.0
    },
    "beta": {
      "ece": 0.004254579544067383,
      "brier": 0.06424947828054428,
      "accuracy": 0.9310085153217865,
      "f1": 0.9642717864106795,
      "precision": 0.9310085153217865,
      "recall": 1.0
    }
  },
  "FL (n)": {
    "uncalibrated": {
      "ece": 0.2019202709197998,
      "brier": 0.10505140572786331,
      "accuracy": 0.9309530623926732,
      "f1": 0.9642420424648905,
      "precision": 0.9309530623926732,
      "recall": 1.0
    },
    "platt": {
      "ece": 0.004062153998502738,
      "brier": 0.06429602846596585,
      "accuracy": 0.9309530623926732,
      "f1": 0.9642420424648905,
      "precision": 0.9309530623926732,
      "recall": 1.0
    },
    "isotonic": {
      "ece": 0.003622114658355713,
      "brier": 0.06430420279502869,
      "accuracy": 0.9309530623926732,
      "f1": 0.9642420424648905,
      "precision": 0.9309530623926732,
      "recall": 1.0
    },
    "temperature": {
      "ece": 0.004100322723388672,
      "brier": 0.0642964094877243,
      "accuracy": 0.9309530623926732,
      "f1": 0.9642420424648905,
      "precision": 0.9309530623926732,
      "recall": 1.0
    },
    "beta": {
      "ece": 0.004119277000427246,
      "brier": 0.06429651379585266,
      "accuracy": 0.9309530623926732,
      "f1": 0.9642420424648905,
      "precision": 0.9309530623926732,
      "recall": 1.0
    }
  },
  "FL (n-1)": {
    "uncalibrated": {
      "ece": 0.2068200707435608,
      "brier": 0.10420943051576614,
      "accuracy": 0.9342413279421153,
      "f1": 0.9660028606007262,
      "precision": 0.9342413279421153,
      "recall": 1.0
    },
    "platt": {
      "ece": 0.003351499840007044,
      "brier": 0.06144587244310803,
      "accuracy": 0.9342413279421153,
      "f1": 0.9660028606007262,
      "precision": 0.9342413279421153,
      "recall": 1.0
    },
    "isotonic": {
      "ece": 0.003360271453857422,
      "brier": 0.06144554913043976,
      "accuracy": 0.9342413279421153,
      "f1": 0.9660028606007262,
      "precision": 0.9342413279421153,
      "recall": 1.0
    },
    "temperature": {
      "ece": 0.0034151077270507812,
      "brier": 0.06144648417830467,
      "accuracy": 0.9342413279421153,
      "f1": 0.9660028606007262,
      "precision": 0.9342413279421153,
      "recall": 1.0
    },
    "beta": {
      "ece": 0.003372013568878174,
      "brier": 0.06144604831933975,
      "accuracy": 0.9342413279421153,
      "f1": 0.9660028606007262,
      "precision": 0.9342413279421153,
      "recall": 1.0
    }
  },
  "FL (n-2)": {
    "uncalibrated": {
      "ece": 0.2099042534828186,
      "brier": 0.10356566309928894,
      "accuracy": 0.9364539748953975,
      "f1": 0.9671843349088454,
      "precision": 0.9364539748953975,
      "recall": 1.0
    },
    "platt": {
      "ece": 0.0033552400261129822,
      "brier": 0.059518374415917584,
      "accuracy": 0.9364539748953975,
      "f1": 0.9671843349088454,
      "precision": 0.9364539748953975,
      "recall": 1.0
    },
    "isotonic": {
      "ece": 0.0037803053855895996,
      "brier": 0.05943313613533974,
      "accuracy": 0.9364539748953975,
      "f1": 0.9671843349088454,
      "precision": 0.9364539748953975,
      "recall": 1.0
    },
    "temperature": {
      "ece": 0.0034033656120300293,
      "brier": 0.05951784923672676,
      "accuracy": 0.9364539748953975,
      "f1": 0.9671843349088454,
      "precision": 0.9364539748953975,
      "recall": 1.0
    },
    "beta": {
      "ece": 0.003430306911468506,
      "brier": 0.05951870232820511,
      "accuracy": 0.9364539748953975,
      "f1": 0.9671843349088454,
      "precision": 0.9364539748953975,
      "recall": 1.0
    }
  }
}