{
  "Local": {
    "uncalibrated": {
      "ece": 0.3220007061958313,
      "brier": 0.15453733503818512,
      "accuracy": 0.9463238370254132,
      "f1": 0.9722769367160412,
      "precision": 0.9463238370254132,
      "recall": 1.0
    },
    "platt": {
      "ece": 0.010203636599487309,
      "brier": 0.05040453177343115,
      "accuracy": 0.9463238370254132,
      "f1": 0.9722769367160412,
      "precision": 0.9463238370254132,
      "recall": 1.0
    },
    "isotonic": {
      "ece": 0.021928185514942793,
      "brier": 0.05011208727955818,
      "accuracy": 0.9454021780392381,
      "f1": 0.9717906785510495,
      "precision": 0.9462769006881542,
      "recall": 0.9990291262135923
    },
    "temperature": {
      "ece": 0.010218095779418946,
      "brier": 0.05040080472826958,
      "accuracy": 0.9463238370254132,
      "f1": 0.9722769367160412,
      "precision": 0.9463238370254132,
      "recall": 1.0
    },
    "beta": {
      "ece": 0.010205841064453125,
      "brier": 0.050403229892253876,
      "accuracy": 0.9463238370254132,
      "f1": 0.9722769367160412,
      "precision": 0.9463238370254132,
      "recall": 1.0
    }
  },
  "Central": {
    "uncalibrated": {
      "ece": 0.29809415340423584,
      "brier": 0.16210268437862396,
      "accuracy": 0.9204269771955361,
      "f1": 0.9585649317837291,
      "precision": 0.9204269771955361,
      "recall": 1.0
    },
    "platt": {
      "ece": 0.007142887832920941,
      "brier": 0.07329216871959297,
      "accuracy": 0.9204269771955361,
      "f1": 0.9585649317837291,
      "precision": 0.9204269771955361,
      "recall": 1.0
    },
    "isotonic": {
      "ece": 0.007036030292510986,
      "brier": 0.0732908844947815,
      "accuracy": 0.9204269771955361,
      "f1": 0.9585649317837291,
      "precision": 0.9204269771955361,
      "recall": 1.0
    },
    "temperature": {
      "ece": 0.007034003734588623,
      "brier": 0.07329269498586655,
      "accuracy": 0.9204269771955361,
      "f1": 0.9585649317837291,
      "precision": 0.9204269771955361,
      "recall": 1.0
    },
    "beta": {
      "ece": 0.007105529308319092,
      "brier": 0.0732923150062561,
      "accuracy": 0.9204269771955361,
      "f1": 0.9585649317837291,
      "precision": 0.9204269771955361,
      "recall": 1.0
    }
  },
  "FL (n)": {
    "uncalibrated": {
      "ece": 0.29403156042099,
      "brier": 0.15919101238250732,
      "accuracy": 0.921025641025641,
      "f1": 0.9588894821142552,
      "precision": 0.921025641025641,
      "recall": 1.0
    },
    "platt": {
      "ece": 0.006125828585933135,
      "brier": 0.07277493769392027,
      "accuracy": 0.921025641025641,
      "f1": 0.9588894821142552,
      "precision": 0.921025641025641,
      "recall": 1.0
    },
    "isotonic": {
      "ece": 0.005372107028961182,
      "brier": 0.07268582284450531,
      "accuracy": 0.921025641025641,
      "f1": 0.9588894821142552,
      "precision": 0.921025641025641,
      "recall": 1.0
    },
    "temperature": {
      "ece": 0.006097376346588135,
      "brier": 0.07277322560548782,
      "accuracy": 0.921025641025641,
      "f1": 0.9588894821142552,
      "precision": 0.921025641025641,
      "recall": 1.0
    },
    "beta": {
      "ece": 0.006089627742767334,
      "brier": 0.07277403026819229,
      "accuracy": 0.921025641025641,
      "f1": 0.9588894821142552,
      "precision": 0.921025641025641,
      "recall": 1.0
    }
  },
  "FL (n-1)": {
    "uncalibrated": {
      "ece": 0.29582148790359497,
      "brier": 0.15983234345912933,
      "accuracy": 0.9215229215229215,
      "f1": 0.9591589162959968,
      "precision": 0.9215229215229215,
      "recall": 1.0
    },
    "platt": {
      "ece": 0.006442831029551455,
      "brier": 0.07235991976510471,
      "accuracy": 0.9215229215229215,
      "f1": 0.9591589162959968,
      "precision": 0.9215229215229215,
      "recall": 1.0
    },
    "isotonic": {
      "ece": 0.006366848945617676,
      "brier": 0.07235896587371826,
      "accuracy": 0.9215229215229215,
      "f1": 0.9591589162959968,
      "precision": 0.9215229215229215,
      "recall": 1.0
    },
    "temperature": {
      "ece": 0.006410658359527588,
      "brier": 0.07236459851264954,
      "accuracy": 0.9215229215229215,
      "f1": 0.9591589162959968,
      "precision": 0.9215229215229215,
      "recall": 1.0
    },
    "beta": {
      "ece": 0.006494104862213135,
      "brier": 0.07236229628324509,
      "accuracy": 0.9215229215229215,
      "f1": 0.9591589162959968,
      "precision": 0.9215229215229215,
      "recall": 1.0
    }
  },
  "FL (n-2)": {
    "uncalibrated": {
      "ece": 0.29322928190231323,
      "brier": 0.1558045595884323,
      "accuracy": 0.9244741873804971,
      "f1": 0.9607550919026329,
      "precision": 0.9244741873804971,
      "recall": 1.0
    },
    "platt": {
      "ece": 0.0060695800169880965,
      "brier": 0.06985850620762299,
      "accuracy": 0.9244741873804971,
      "f1": 0.9607550919026329,
      "precision": 0.9244741873804971,
      "recall": 1.0
    },
    "isotonic": {
      "ece": 0.01214949299454917,
      "brier": 0.07001662999391556,
      "accuracy": 0.9244741873804971,
      "f1": 0.9607550919026329,
      "precision": 0.9244741873804971,
      "recall": 1.0
    },
    "temperature": {
      "ece": 0.00600510835647583,
      "brier": 0.06985705345869064,
      "accuracy": 0.9244741873804971,
      "f1": 0.9607550919026329,
      "precision": 0.9244741873804971,
      "recall": 1.0
    },
    "beta": {
      "ece": 0.005950748920440674,
      "brier": 0.06985683739185333,
      "accuracy": 0.9244741873804971,
      "f1": 0.9607550919026329,
      "precision": 0.9244741873804971,
      "recall": 1.0
    }
  }
}