{
  "Local": {
    "accuracy": 0.9294783280736183,
    "recall": 1.0,
    "precision": 0.9294783280736183,
    "f1": 0.9627733779696666
  },
  "Central": {
    "accuracy": 0.9204269771955361,
    "recall": 1.0,
    "precision": 0.9204269771955361,
    "f1": 0.9585649317837291
  },
  "FL (n)": {
    "accuracy": 0.9294783280736184,
    "recall": 1.0,
    "precision": 0.9294783280736184,
    "f1": 0.9627733779696668
  },
  "FL (n-1)": {
    "accuracy": 0.9302027893235092,
    "recall": 1.0,
    "precision": 0.9302027893235092,
    "f1": 0.9631124020892744
  },
  "FL (n-2)": {
    "accuracy": 0.9319935473549633,
    "recall": 1.0,
    "precision": 0.9319935473549633,
    "f1": 0.9640239428430905
  }
}